<?xml version="1.0" encoding="UTF-8"?>
<project-private xmlns="http://www.netbeans.org/ns/project-private/1">
    <data xmlns="http://www.netbeans.org/ns/make-project-private/1">
        <activeConfTypeElem>1</activeConfTypeElem>
        <activeConfIndexElem>3</activeConfIndexElem>
    </data>
    <editor-bookmarks xmlns="http://www.netbeans.org/ns/editor-bookmarks/2" lastBookmarkId="52">
        <file>
            <url>tcsam02.cpp</url>
            <bookmark id="10">
                <name/>
                <line>1183</line>
                <key/>
            </bookmark>
        </file>
        <file>
            <url>tcsam02.tpl</url>
            <bookmark id="47">
                <name/>
                <line>614</line>
                <key/>
            </bookmark>
            <bookmark id="52">
                <name/>
                <line>7560</line>
                <key/>
            </bookmark>
            <bookmark id="51">
                <name/>
                <line>8861</line>
                <key/>
            </bookmark>
            <bookmark id="50">
                <name/>
                <line>9100</line>
                <key/>
            </bookmark>
        </file>
        <file>
            <url>src/ModelParameterInfoTypes.cpp</url>
            <bookmark id="36">
                <name/>
                <line>538</line>
                <key/>
            </bookmark>
            <bookmark id="31">
                <name/>
                <line>959</line>
                <key/>
            </bookmark>
        </file>
    </editor-bookmarks>
    <open-files xmlns="http://www.netbeans.org/ns/projectui-open-files/2">
        <group>
            <file>file:/Users/WilliamStockhausen/StockAssessments-Crab/AssessmentModelDevelopment/tcsam02/tcsam02.tpl</file>
            <file>file:/Users/WilliamStockhausen/StockAssessments-Crab/AssessmentModelDevelopment/tcsam02/include/ModelOptions.hpp</file>
            <file>file:/Users/WilliamStockhausen/StockAssessments-Crab/AssessmentModelDevelopment/tcsam02/src/ModelSelectivities.cpp</file>
            <file>file:/Users/WilliamStockhausen/StockAssessments-Crab/AssessmentModelDevelopment/tcsam02/tcsam02.cpp</file>
            <file>file:/Users/WilliamStockhausen/StockAssessments-Crab/AssessmentModelDevelopment/tcsam02/include/gsm_splines.hpp</file>
            <file>file:/Users/WilliamStockhausen/StockAssessments-Crab/AssessmentModelDevelopment/tcsam02/src/ModelOptions.cpp</file>
        </group>
    </open-files>
</project-private>
